{
	"info": {
		"_postman_id": "ef96401a-a49d-47b7-bb1a-aa209c0a28e0",
		"name": "express",
		"schema": "https://schema.getpostman.com/json/collection/v2.0.0/collection.json",
		"_exporter_id": "26921608"
	},
	"item": [
		{
			"name": "home",
			"request": {
				"method": "GET",
				"header": [],
				"url": "{{URL}}/home"
			},
			"response": []
		},
		{
			"name": "profile",
			"request": {
				"method": "GET",
				"header": [],
				"url": "{{URL}}/profile"
			},
			"response": []
		},
		{
			"name": "login",
			"request": {
				"method": "GET",
				"header": [],
				"url": {
					"raw": "{{URL}}/login?username=test&password=123456",
					"host": [
						"{{URL}}"
					],
					"path": [
						"login"
					],
					"query": [
						{
							"key": "username",
							"value": "bret",
							"description": "correct user name",
							"disabled": true
						},
						{
							"key": "password",
							"value": "bret@123",
							"description": "correct password",
							"disabled": true
						},
						{
							"key": "username",
							"value": "test",
							"description": "incorrect user name"
						},
						{
							"key": "password",
							"value": "123456",
							"description": "incorrect password"
						}
					]
				}
			},
			"response": []
		},
		{
			"name": "logout",
			"request": {
				"method": "GET",
				"header": [],
				"url": "{{URL}}/logout/bret"
			},
			"response": []
		}
	]
}